PDB_ID,Score,Seq_id,Resolution,Pubmed_id,Polymer,Assembly,Method,pH,Temp,pdbx_details,pdbx_pH_range,Ligands,Compounds(con_unit=mM)
1WWJ,0.7363636363636363,0.8380952380952381,1.9,15716274,uni_pol,tetrameric,'VAPOR DIFFUSION',6.0,298.0,"'betaine, pH 6.0, VAPOR DIFFUSION, temperature 298.0K'",,"MLT, BET, IMD",betaine (None)
4KSO,1.0,1.0,2.622,23796516,uni_pol,tetrameric,'VAPOR DIFFUSION',5.7,292.0,";KaiB were grown from droplets containing 6.5 mg/mL KaiB-KaiC complex, 20 mM Tris (pH 7.8), 100 mM NaCl, 5 mM MgCl2,1 mM ATP and 2 mM BME. The reservoir solution was 100 mM sodium acetate, 500 mM sodium formate and 5% glycerol (v/v), VAPOR DIFFUSION, temperature 292K
;",,,"sodium acetate (100.0), sodium formate (500.0), glycerol (5% v/v)"
1VGL,0.7,0.8240740740740741,2.6,16227211,uni_pol,tetrameric(*),"'VAPOR DIFFUSION, HANGING DROP'",4.5,293.0,"'PEG 3350, DMSO, acetate, pH 4.5, VAPOR DIFFUSION, HANGING DROP, temperature 293K'",,HG,"PEG 3350 (None), DMSO (None), sodium acetate (None)"
2QKE,0.7181818181818181,0.8333333333333334,2.7,18497745,uni_pol,tetrameric(*),"'VAPOR DIFFUSION, HANGING DROP'",5.0,293.0,"'10% PEG 3350, 10% DMSO, 0.1M ACETATE BUFFER, pH 5.0, VAPOR DIFFUSION, HANGING DROP, temperature 293K'",,,"PEG 3350 (10%), DMSO (10%), sodium acetate (100.0)"
1R5P,0.7363636363636363,0.8055555555555556,2.2,15071498,uni_pol,dimeric(*),"'VAPOR DIFFUSION, HANGING DROP'",7.0,298.0,"'PEG 400, pH 7.0, VAPOR DIFFUSION, HANGING DROP, temperature 298.0K'",,,PEG 400 (None)
5JWQ,0.6363636363636364,0.8333333333333334,3.871,28302851,complex,dodecameric,"'VAPOR DIFFUSION, HANGING DROP'",5.75,295.0,'0.1M Sodium citrate pH 5.75 and 22% PEG3000',,ADP,"sodium citrate (100.0), PEG 3000 (22%)"
5JWO,0.6090909090909091,0.8235294117647058,1.8,28302851,complex,dimeric,"'VAPOR DIFFUSION, HANGING DROP'",,295.0,"'0.2M Potassium Acetate, 10% (w/v) PEG3350, and 2.5% glycerol'",,ADP,"potassium acetate (200.0), PEG 3350 (10% w/v), glycerol (2.5%)"
5JWR,0.6090909090909091,0.8235294117647058,2.61,28302851,complex,tetrameric(*),"'VAPOR DIFFUSION, HANGING DROP'",7.0,295.0,"'0.15M Ammonium Sulfate, 0.1M Tris pH 7.0, 10% PEG 4000'",,PO4,"ammonium sulfate (150.0), tris (100.0), PEG 4000 (10%)"
